doc_id,author,pred_nn_raw_cosine,correct_nn_raw_cosine,pred_nn_global_z_cosine,correct_nn_global_z_cosine,pred_nn_global_z_l1,correct_nn_global_z_l1,pred_linear_svm_tf,correct_linear_svm_tf
Авдеев.Варенька.1852,Авдеев,Достоевский,False,Авдеев,True,Авдеев,True,Авдеев,True
Авдеев.Иванов.1852,Авдеев,Лермонтов,False,Авдеев,True,Авдеев,True,Авдеев,True
Авдеев.Тетрадь_из_записок_Тамарина.1852,Авдеев,Станюкович,False,Авдеев,True,Авдеев,True,Авдеев,True
Аксенов.В_поисках_грустного_бэби.1987,Аксенов,Аксенов,True,Аксенов,True,Аксенов,True,Аксенов,True
Аксенов.Вольтерьянцы_и_вольтерьянки.2004,Аксенов,Аксенов,True,Аксенов,True,Аксенов,True,Аксенов,True
Аксенов.Желток_яйца.2008,Аксенов,Аксенов,True,Аксенов,True,Аксенов,True,Аксенов,True
Аксенов.Кесарево_сечение.2001,Аксенов,Аксенов,True,Аксенов,True,Аксенов,True,Аксенов,True
Аксенов.Любовь_к_электричеству_Повесть_о_Леониде_Красине.1971,Аксенов,ТолстойА,False,Солженицын,False,Аксенов,True,Аксенов,True
Аксенов.Москва_Ква-Ква.2006,Аксенов,Аксенов,True,Аксенов,True,Аксенов,True,Аксенов,True
Аксенов.Московская_сага.1993,Аксенов,Аксенов,True,Аксенов,True,Аксенов,True,Аксенов,True
Аксенов.Остров_Крым.1981,Аксенов,Аксенов,True,Аксенов,True,Аксенов,True,Аксенов,True
Аксенов.Редкие_земли.2007,Аксенов,Аксенов,True,Аксенов,True,Аксенов,True,Аксенов,True
Аксенов.Скажи_изюм.1983,Аксенов,Аксенов,True,Аксенов,True,Аксенов,True,Аксенов,True
Аксенов.Таинственная_страсть.2009,Аксенов,Аксенов,True,Аксенов,True,Аксенов,True,Аксенов,True
Акунин.Азазель.1998,Акунин,Акунин,True,Акунин,True,Акунин,True,Акунин,True
Акунин.Алмазная_колесница.2003,Акунин,Акунин,True,Акунин,True,Акунин,True,Акунин,True
Акунин.Весь_мир_театр.2010,Акунин,Акунин,True,Акунин,True,Акунин,True,Акунин,True
Акунин.Декоратор.1999,Акунин,Акунин,True,Акунин,True,Акунин,True,Акунин,True
Акунин.Детская_книга_для_девочек.2012,Акунин,Акунин,True,Акунин,True,Акунин,True,Бестужев,False
Акунин.Детская_книга_для_мальчиков.2005,Акунин,Акунин,True,Акунин,True,Акунин,True,Акунин,True
Акунин.Квест.2006,Акунин,Акунин,True,Акунин,True,Акунин,True,Акунин,True
Акунин.Коронация.2000,Акунин,Стругацкие,False,Акунин,True,Акунин,True,Акунин,True
Акунин.Левиафан.1998,Акунин,Акунин,True,Акунин,True,Акунин,True,Акунин,True
Акунин.Любовница_смерти.2001,Акунин,Акунин,True,Акунин,True,Акунин,True,Акунин,True
Акунин.Не_прощаюсь.2018,Акунин,Акунин,True,Акунин,True,Акунин,True,Акунин,True
Акунин.Нефритовые_четки.2006,Акунин,Акунин,True,Акунин,True,Акунин,True,Акунин,True
Акунин.Пелагия_и_белый_бульдог.2001,Акунин,Акунин,True,Акунин,True,Акунин,True,Акунин,True
Акунин.Пелагия_и_красный_петух.2003,Акунин,Акунин,True,Акунин,True,Акунин,True,Акунин,True
Акунин.Пелагия_и_черный_монах.2001,Акунин,Акунин,True,Акунин,True,Акунин,True,Акунин,True
Акунин.Пиковый_валет.1999,Акунин,Акунин,True,Акунин,True,Акунин,True,Акунин,True
Акунин.Планета_вода.2015,Акунин,Акунин,True,Акунин,True,Акунин,True,Акунин,True
Акунин.Просто_Маса.2021,Акунин,Акунин,True,Акунин,True,Акунин,True,Акунин,True
Акунин.Смерть_Ахиллеса.1998,Акунин,Акунин,True,Акунин,True,Акунин,True,Акунин,True
Акунин.Статский_советник.1999,Акунин,Акунин,True,Акунин,True,Акунин,True,Акунин,True
Акунин.Сулажин.2016,Акунин,Боборыкин,False,Акунин,True,Акунин,True,Акунин,True
Акунин.Турецкий_гамбит.1998,Акунин,Акунин,True,Акунин,True,Акунин,True,Акунин,True
Акунин.Фантастика.2005,Акунин,Акунин,True,Акунин,True,Акунин,True,Акунин,True
Акунин.Черный_город.2012,Акунин,Акунин,True,Акунин,True,Акунин,True,Акунин,True
Акунин.Шпионский_роман.2005,Акунин,Акунин,True,Акунин,True,Акунин,True,Акунин,True
Алексиевич.Время_секонд_хэнд.2013,Алексиевич,Алексиевич,True,Алексиевич,True,Алексиевич,True,Алексиевич,True
Алексиевич.У_войны_не_женское_лицо.1985,Алексиевич,Алексиевич,True,Алексиевич,True,Алексиевич,True,Алексиевич,True
Алексиевич.Чернобыльская_молитва.1997,Алексиевич,Алексиевич,True,Алексиевич,True,Алексиевич,True,Алексиевич,True
Анненская.Анна.1881,Анненская,Анненская,True,Анненская,True,Анненская,True,Анненская,True
Анненская.Брат_и_сестра.1908,Анненская,Соловьев,False,Анненская,True,Анненская,True,Анненская,True
Анненская.Волчонок.1889,Анненская,Анненская,True,Анненская,True,Анненская,True,Анненская,True
Анненская.Младший_брат.1889,Анненская,Анненская,True,Анненская,True,Анненская,True,Анненская,True
Анненская.Неудачник.1889,Анненская,Анненская,True,Анненская,True,Анненская,True,Анненская,True
Анненская.Трудная_борьба.1889,Анненская,Анненская,True,Анненская,True,Анненская,True,Анненская,True
Анненская.Тяжелая_жизнь.1877,Анненская,Анненская,True,Анненская,True,Анненская,True,Анненская,True
Анненская.Чужой_хлеб.1872,Анненская,Анненская,True,Анненская,True,Анненская,True,Анненская,True
Апухтин.Архив_графини_Д.1895,Апухтин,Апухтин,True,Апухтин,True,Апухтин,True,Апухтин,True
Апухтин.Дневник_Павлика_Дольского.1895,Апухтин,Боборыкин,False,Апухтин,True,Апухтин,True,Апухтин,True
Апухтин.Неоконченная_повесть.1898,Апухтин,Гейнце,False,Апухтин,True,Писемский,False,Апухтин,True
Астафьев.Васюткино_озеро.1956,Астафьев,Астафьев,True,Астафьев,True,Короленко,False,Астафьев,True
Астафьев.Веселый_солдат.1998,Астафьев,Шишкин,False,Астафьев,True,Астафьев,True,Астафьев,True
Астафьев.Кража.1966,Астафьев,Астафьев,True,Астафьев,True,Астафьев,True,Астафьев,True
Астафьев.Ночь_космонавта.1972,Астафьев,Астафьев,True,Астафьев,True,Лесков,False,Астафьев,True
Астафьев.Пастух_и_пастушка.1971,Астафьев,Астафьев,True,Астафьев,True,Астафьев,True,Астафьев,True
Астафьев.Перевал.1958,Астафьев,Астафьев,True,Астафьев,True,Астафьев,True,Астафьев,True
Астафьев.Печальный_детектив.1986,Астафьев,Астафьев,True,Астафьев,True,Астафьев,True,Астафьев,True
Астафьев.Прокляты_и_убиты.1995,Астафьев,Астафьев,True,Астафьев,True,Астафьев,True,Астафьев,True
Астафьев.Так_хочется_жить.1995,Астафьев,Астафьев,True,Астафьев,True,Астафьев,True,Астафьев,True
Астафьев.Тают_снега.1958,Астафьев,Мордовцев,False,Астафьев,True,Шолохов,False,Астафьев,True
Астафьев.Царь_рыба.1976,Астафьев,Астафьев,True,Астафьев,True,Астафьев,True,Астафьев,True
Белый.Москва.1926,Белый,Белый,True,Белый,True,Белый,True,Белый,True
Белый.Пепел.1929,Белый,Данилевский,False,Белый,True,Белый,True,Белый,True
Белый.Серебряный_голубь.1909,Белый,Мордовцев,False,Белый,True,Мордовцев,False,Белый,True
Белый.Симфонии.1908,Белый,Белый,True,Белый,True,Белый,True,Белый,True
Бестужев.Аммалат-бек.1832,Бестужев,Бестужев,True,Бестужев,True,Бестужев,True,Бестужев,True
Бестужев.Вечер_на_Кавказских_водах_в_1824_году.1832,Бестужев,Пастернак,False,Бестужев,True,Бестужев,True,Бестужев,True
Бестужев.Испытание.1832,Бестужев,Бестужев,True,Бестужев,True,Бестужев,True,Бестужев,True
Бестужев.Лейтенант_Белозор.1831,Бестужев,Бестужев,True,Бестужев,True,Бестужев,True,Бестужев,True
Бестужев.Мулла-нур.1832,Бестужев,Бестужев,True,Бестужев,True,Бестужев,True,Бестужев,True
Бестужев.Русский_в_Париже_1814_года.1832,Бестужев,Лермонтов,False,Булгарин,False,Достоевский,False,ТолстойЛ,False
Бестужев.Фрегат_Надежда.1832,Бестужев,Бестужев,True,Бестужев,True,Бестужев,True,Бестужев,True
Битов.Оглашённые.2004,Битов,Битов,True,Битов,True,Битов,True,Битов,True
Битов.Ожидание_обезьян.1993,Битов,Битов,True,Битов,True,Битов,True,Битов,True
Битов.Преподаватель_симметрии.1989,Битов,Битов,True,Битов,True,Битов,True,Битов,True
Битов.Пушкинский_дом.1978,Битов,Битов,True,Битов,True,Битов,True,Битов,True
Битов.Человек_в_пейзаже.1988,Битов,Битов,True,Битов,True,Битов,True,Битов,True
Боборыкин.Василий_Теркин.1895,Боборыкин,Боборыкин,True,Боборыкин,True,Боборыкин,True,Боборыкин,True
Боборыкин.Долго_ли.1876,Боборыкин,Тургенев,False,Боборыкин,True,Боборыкин,True,Боборыкин,True
Боборыкин.Жертва_вечерняя.1868,Боборыкин,Хвощинска,False,Боборыкин,True,Достоевский,False,Боборыкин,True
Боборыкин.Китай-город.1883,Боборыкин,Боборыкин,True,Боборыкин,True,Боборыкин,True,Боборыкин,True
Боборыкин.Поумнел.1897,Боборыкин,Боборыкин,True,Боборыкин,True,Боборыкин,True,Боборыкин,True
Боборыкин.Проездом.1897,Боборыкин,Боборыкин,True,Боборыкин,True,Боборыкин,True,Боборыкин,True
Булгаков.Белая_гвардия.1923,Булгаков,Булгаков,True,ТолстойА,False,ТолстойА,False,Булгаков,True
Булгаков.Дьяволиада.1923,Булгаков,Булгаков,True,Булгаков,True,Булгаков,True,Булгаков,True
Булгаков.Записки_юного_врача.1925,Булгаков,Булгаков,True,Булгаков,True,Булгаков,True,Булгаков,True
Булгаков.Мастер_и_Маргарита.1928,Булгаков,Пастернак,False,Булгаков,True,Булгаков,True,Булгаков,True
Булгаков.Роковые_яйца.1924,Булгаков,Булгаков,True,Булгаков,True,Булгаков,True,Булгаков,True
Булгаков.Театральный_роман.1936,Булгаков,Стругацкие,False,Булгаков,True,Булгаков,True,Булгаков,True
Булгарин.Димитрий_Самозванец.1830,Булгарин,Булгарин,True,Булгарин,True,Булгарин,True,Загоскин,False
Булгарин.Иван_Иванович_Выжигин.1829,Булгарин,Нарежный,False,Булгарин,True,Нарежный,False,Булгарин,True
Булгарин.Мазепа.1833,Булгарин,Булгарин,True,Булгарин,True,Булгарин,True,Булгарин,True
Вельтман.Кощей_бессмертный.1833,Вельтман,Вельтман,True,Вельтман,True,Вельтман,True,Вельтман,True
Вельтман.Приключения_почерпнутые_из_моря_житейского.1848,Вельтман,Гончаров,False,Загоскин,False,Писемский,False,Вельтман,True
Вельтман.Райна_королевна_Болгарская.1843,Вельтман,Вельтман,True,Вельтман,True,Вельтман,True,Вельтман,True
Вельтман.Светославич_вражий_питомец.1835,Вельтман,Вельтман,True,Вельтман,True,Вельтман,True,Вельтман,True
Вельтман.Странник.1831,Вельтман,Булгарин,False,Вельтман,True,Загоскин,False,Вельтман,True
Владимов.Большая_руда.1961,Владимов,Соловьев,False,Владимов,True,Владимов,True,Владимов,True
Владимов.Верный_Руслан.1975,Владимов,Владимов,True,Владимов,True,Владимов,True,Владимов,True
Владимов.Все_мы_достойны_большего.1960,Владимов,Владимов,True,Владимов,True,Леонтьев,False,Владимов,True
Владимов.Генерал_и_его_армия.1994,Владимов,Солженицын,False,Солженицын,False,Солженицын,False,Владимов,True
"Владимов.Не_обращайте_вниманья,_маэстро.1983",Владимов,Битов,False,Владимов,True,Владимов,True,Владимов,True
Владимов.Три_минуты_молчания.1969,Владимов,Владимов,True,Глуховский,False,Глуховский,False,Владимов,True
Владимов.Шестой_солдат.1981,Владимов,Владимов,True,Владимов,True,Владимов,True,Владимов,True
Водолазкин.Авиатор.2015,Водолазкин,Водолазкин,True,Водолазкин,True,Водолазкин,True,Глуховский,False
Водолазкин.Брисбен.2018,Водолазкин,Трифонов,False,Водолазкин,True,Водолазкин,True,Водолазкин,True
Водолазкин.Лавр.2012,Водолазкин,Солженицын,False,Водолазкин,True,Водолазкин,True,Водолазкин,True
Водолазкин.Оправдание_острова.2020,Водолазкин,Солженицын,False,Водолазкин,True,Водолазкин,True,Водолазкин,True
Водолазкин.Похищение_Европы.2005,Водолазкин,Водолазкин,True,Водолазкин,True,Водолазкин,True,Трифонов,False
Водолазкин.Соловьев_и_Ларионов.2019,Водолазкин,Гейнце,False,Водолазкин,True,Водолазкин,True,Водолазкин,True
Водолазкин.Чагин.2023,Водолазкин,Аксенов,False,Водолазкин,True,Водолазкин,True,Пришвин,False
Гарин-Михайловский.В_сутолоке_провинциальной_жизни.1896,Гарин-Михайловский,Даль,False,Гарин-Михайловский,True,Салтыков-Щедрин,False,Гарин-Михайловский,True
Гарин-Михайловский.Гимназисты.1895,Гарин-Михайловский,Гарин-Михайловский,True,Гарин-Михайловский,True,Гарин-Михайловский,True,Гарин-Михайловский,True
Гарин-Михайловский.Детство_Тёмы.1893,Гарин-Михайловский,Гарин-Михайловский,True,Гарин-Михайловский,True,Гарин-Михайловский,True,Гарин-Михайловский,True
Гарин-Михайловский.Студенты.1898,Гарин-Михайловский,Гарин-Михайловский,True,Гарин-Михайловский,True,Гарин-Михайловский,True,Гарин-Михайловский,True
Гейнце.Аракчеев.1893,Гейнце,Гейнце,True,Гейнце,True,Гейнце,True,Гейнце,True
Гейнце.В_тине_адвокатуры.1889,Гейнце,Гейнце,True,Гейнце,True,Гейнце,True,Салтыков-Щедрин,False
Гейнце.Князь_Тавриды.1895,Гейнце,Гейнце,True,Гейнце,True,Гейнце,True,Гейнце,True
Гейнце.Коронованный_рыцарь.1895,Гейнце,Гейнце,True,Гейнце,True,Гейнце,True,Гейнце,True
Гейнце.Людоедка.1897,Гейнце,Гейнце,True,Гейнце,True,Гейнце,True,Гейнце,True
Гейнце.Новгородская_вольница.1895,Гейнце,Мордовцев,False,Полевой,False,Полевой,False,Гейнце,True
Гейнце.Самозванец.1898,Гейнце,Апухтин,False,Гейнце,True,Гейнце,True,Гейнце,True
Гейнце.Судные_дни_Великого_Новгорода.1897,Гейнце,Лажечников,False,ТолстойЛ,False,Гейнце,True,Гейнце,True
Гейнце.Сцена_и_жизнь.1895,Гейнце,Тургенев,False,Гейнце,True,Достоевский,False,Гейнце,True
Гейнце.Тайна_высокого_дома.1894,Гейнце,Гейнце,True,Гейнце,True,Гейнце,True,Гейнце,True
Глуховский.Будущее.2013,Глуховский,Куприн,False,Глуховский,True,Глуховский,True,Аксенов,False
Глуховский.Дневник_ученого.2009,Глуховский,Глуховский,True,Глуховский,True,Леонтьев,False,Глуховский,True
Глуховский.Конец_дороги.2006,Глуховский,Солженицын,False,Глуховский,True,Глуховский,True,Глуховский,True
Глуховский.Метро_2033.2007,Глуховский,Владимов,False,Глуховский,True,Глуховский,True,Глуховский,True
Глуховский.Метро_2034.2009,Глуховский,Солженицын,False,Глуховский,True,Глуховский,True,Глуховский,True
Глуховский.Метро_2035.2015,Глуховский,Глуховский,True,Глуховский,True,Глуховский,True,Глуховский,True
Глуховский.Пост_1.2019,Глуховский,Глуховский,True,Глуховский,True,Глуховский,True,Глуховский,True
Глуховский.Пост_2.2021,Глуховский,Глуховский,True,Глуховский,True,Глуховский,True,Глуховский,True
Глуховский.Рассказы_о_Родине.2015,Глуховский,Аксенов,False,Глуховский,True,Глуховский,True,Глуховский,True
Глуховский.Сумерки.2007,Глуховский,Акунин,False,Глуховский,True,Глуховский,True,Глуховский,True
Глуховский.Текст.2017,Глуховский,Акунин,False,Глуховский,True,Глуховский,True,Глуховский,True
Гоголь.Вий.1835,Гоголь,Гоголь,True,Гоголь,True,Гоголь,True,Гоголь,True
Гоголь.Мертвые_души.1842,Гоголь,Салтыков-Щедрин,False,Гоголь,True,Писемский,False,Гоголь,True
Гоголь.Повесть_о_том_как_поссорился_Иван_Иванович.1835,Гоголь,Григорович,False,Гоголь,True,Гоголь,True,Гоголь,True
Гоголь.Портрет.1842,Гоголь,Помяловский,False,Полевой,False,Гоголь,True,Гоголь,True
Гоголь.Старосветские_помещики.1835,Гоголь,Мамин-Сибиряк,False,Гоголь,True,Леонтьев,False,Гоголь,True
Гоголь.Тарас_Бульба.1842,Гоголь,Даль,False,Гоголь,True,Гоголь,True,Гоголь,True
Гончаров.Обломов.1859,Гончаров,Гончаров,True,Гончаров,True,Гончаров,True,Шолохов,False
Гончаров.Обрыв.1870,Гончаров,Гончаров,True,Гончаров,True,Гончаров,True,Гончаров,True
Гончаров.Обыкновенная_история.1847,Гончаров,Гончаров,True,Гончаров,True,Гончаров,True,Гончаров,True
Григорович.Антон_Горемыка.1872,Григорович,Григорович,True,Григорович,True,Григорович,True,Григорович,True
Григорович.Два_генерала.1864,Григорович,Григорович,True,Григорович,True,Писемский,False,Григорович,True
Григорович.Деревня.1858,Григорович,Салтыков-Щедрин,False,Григорович,True,Григорович,True,Григорович,True
Григорович.Кошка_и_мышка.1858,Григорович,Григорович,True,Григорович,True,Григорович,True,Григорович,True
Григорович.Неудавшаяся_жизнь.1850,Григорович,Бестужев,False,Григорович,True,Достоевский,False,Григорович,True
Григорович.Пахотник_и_бархатник.1872,Григорович,Григорович,True,Григорович,True,Григорович,True,Григорович,True
Григорович.Переселенцы.1857,Григорович,Григорович,True,Григорович,True,Григорович,True,Григорович,True
Григорович.Рыбаки.1853,Григорович,Григорович,True,Григорович,True,Григорович,True,Григорович,True
Григорович.Свистулькин.1858,Григорович,Салтыков-Щедрин,False,Григорович,True,Григорович,True,Григорович,True
Грин.Алые_паруса.1923,Грин,Грин,True,Грин,True,Грин,True,Грин,True
Грин.Блистающий_мир.1924,Грин,Грин,True,Грин,True,Грин,True,Грин,True
Грин.Джесси_и_Моргиана.1929,Грин,Грин,True,Грин,True,Грин,True,Аксенов,False
Грин.Дорога_в_никуда.1930,Грин,Грин,True,Грин,True,Грин,True,Грин,True
Грин.Колония_Ланфиер.1910,Грин,Грин,True,Грин,True,ТолстойЛ,False,Грин,True
Грин.Недотрога.1936,Грин,Грин,True,Грин,True,Леонтьев,False,Грин,True
Грин.Приключения_Гинча.1912,Грин,Булгаков,False,Грин,True,Грин,True,Грин,True
Грин.Ранчо_Каменный_столб.1961,Грин,Трифонов,False,Грин,True,Грин,True,Грин,True
Грин.Сокровище_африканских_гор.2008,Грин,Пастернак,False,Грин,True,Грин,True,Апухтин,False
Грин.Таинственный_лес.2017,Грин,Чехов,False,Грин,True,ТолстойЛ,False,Грин,True
Даль.Бедовик.1839,Даль,Даль,True,Даль,True,Даль,True,Даль,True
Даль.Вакх_Сидоров_Чайкин.1861,Даль,Гарин-Михайловский,False,Даль,True,Даль,True,Даль,True
Даль.Павел_Алексеевич_Игривый.1861,Даль,Лесков,False,Даль,True,Достоевский,False,Даль,True
Даль.Похождения_Христиана_Христиановича_Виольдамура.1844,Даль,Даль,True,Даль,True,Даль,True,Даль,True
Данилевский.Беглые_в_Новороссии.1868,Данилевский,Данилевский,True,Данилевский,True,Данилевский,True,Данилевский,True
Данилевский.Воля_(Беглые_воротились).1864,Данилевский,Данилевский,True,Данилевский,True,Данилевский,True,Данилевский,True
Данилевский.Княжна_Тараканова.1885,Данилевский,Пастернак,False,Данилевский,True,Данилевский,True,Данилевский,True
Данилевский.Мирович.1877,Данилевский,Данилевский,True,Данилевский,True,Салиас-де-Турнемир,False,Данилевский,True
Данилевский.Потемкин_на_Дунае_1790-й_год.1877,Данилевский,Астафьев,False,Данилевский,True,Данилевский,True,Данилевский,True
Данилевский.Сожженная_Москва.1886,Данилевский,Данилевский,True,Данилевский,True,Данилевский,True,Данилевский,True
Достоевский.Бедные_люди.1847,Достоевский,Достоевский,True,Достоевский,True,Достоевский,True,Достоевский,True
Достоевский.Белые_ночи.1860,Достоевский,Достоевский,True,Достоевский,True,Достоевский,True,Достоевский,True
Достоевский.Бесы.1873,Достоевский,Достоевский,True,Достоевский,True,Достоевский,True,Аксенов,False
Достоевский.Братья_Карамазовы.1881,Достоевский,Достоевский,True,Достоевский,True,Достоевский,True,Достоевский,True
Достоевский.Вечный_муж.1871,Достоевский,Достоевский,True,Достоевский,True,Достоевский,True,Достоевский,True
Достоевский.Двойник.1846,Достоевский,Достоевский,True,Достоевский,True,Достоевский,True,Солженицын,False
Достоевский.Дядюшкин_сон.1860,Достоевский,Достоевский,True,Достоевский,True,Достоевский,True,Достоевский,True
Достоевский.Записки_из_подполья.1865,Достоевский,Достоевский,True,Достоевский,True,Достоевский,True,Достоевский,True
Достоевский.Игрок_(Из_записок_молодого_человека).1866,Достоевский,Достоевский,True,Достоевский,True,Достоевский,True,Достоевский,True
Достоевский.Идиот.1874,Достоевский,Достоевский,True,Достоевский,True,Достоевский,True,Достоевский,True
Достоевский.Неточка_Незванова.1860,Достоевский,Лермонтов,False,Достоевский,True,Достоевский,True,Достоевский,True
Достоевский.Подросток.1876,Достоевский,Достоевский,True,Достоевский,True,Достоевский,True,Достоевский,True
Достоевский.Преступление_и_наказание.1867,Достоевский,Достоевский,True,Достоевский,True,Достоевский,True,Достоевский,True
Достоевский.Село_Степанчиково_и_его_обитатели.1860,Достоевский,Достоевский,True,Достоевский,True,Достоевский,True,Достоевский,True
Достоевский.Униженные_и_оскорбленные.1861,Достоевский,Достоевский,True,Достоевский,True,Достоевский,True,Достоевский,True
Достоевский.Хозяйка.1865,Достоевский,Лермонтов,False,Достоевский,True,Достоевский,True,Достоевский,True
Дружинин.Обрученные.1857,Дружинин,Шеллер-Михайлов,False,Дружинин,True,Достоевский,False,Дружинин,True
Дружинин.Полинька_Сакс.1847,Дружинин,Лермонтов,False,Дружинин,True,Достоевский,False,Дружинин,True
Дружинин.Рассказ_Алексея_Дмитрича.1865,Дружинин,Панаев,False,Дружинин,True,Дружинин,True,Дружинин,True
Дурова.Гудишки.1839,Дурова,Дурова,True,Дурова,True,Дурова,True,Дурова,True
Дурова.Игра_судьбы_или_Противозаконная_любовь.1837,Дурова,Дурова,True,Дурова,True,Дурова,True,Дурова,True
Дурова.Павильон.1839,Дурова,Дурова,True,Дурова,True,Дурова,True,Дурова,True
Дурова.Угол.1840,Дурова,Дурова,True,Дурова,True,Дурова,True,Дурова,True
Загоскин.Аскольдова_могила.1833,Загоскин,Загоскин,True,Загоскин,True,Загоскин,True,Загоскин,True
Загоскин.Брынский_лес.1846,Загоскин,Загоскин,True,Загоскин,True,Загоскин,True,Загоскин,True
Загоскин.Искуситель.1838,Загоскин,Загоскин,True,Загоскин,True,Загоскин,True,Загоскин,True
Загоскин.Москва_и_москвичи.1842,Загоскин,Загоскин,True,Загоскин,True,Загоскин,True,Загоскин,True
Загоскин.Рославлев_или_Русские_в_1812_году.1831,Загоскин,Загоскин,True,Загоскин,True,Загоскин,True,Данилевский,False
Загоскин.Русские_в_начале_осьмнадцатого_столетия.1889,Загоскин,Загоскин,True,Загоскин,True,Загоскин,True,Загоскин,True
Загоскин.Юрий_Милославский_или_Русские_в_1612_году.1829,Загоскин,Загоскин,True,Загоскин,True,Загоскин,True,Загоскин,True
Иванов.Message_Чусовая.2007,Иванов,Иванов,True,Мамин-Сибиряк,False,Улицкая,False,Иванов,True
Иванов.Ёбург.2014,Иванов,Трифонов,False,Солженицын,False,Иванов,True,Иванов,True
Иванов.Блуда_и_МУДО.2007,Иванов,Акунин,False,Иванов,True,Иванов,True,Аксенов,False
Иванов.Бронепароходы.2023,Иванов,ТолстойА,False,Иванов,True,Иванов,True,Иванов,True
Иванов.Географ_глобус_пропил.2003,Иванов,Шишкин,False,Иванов,True,Иванов,True,Иванов,True
"Иванов.Золото_бунта,_или_Вниз_по_реке_теснин.2005",Иванов,Иванов,True,Иванов,True,Иванов,True,Помяловский,False
Иванов.Комьюнити.2007,Иванов,Водолазкин,False,Иванов,True,Иванов,True,Мордовцев,False
Иванов.Корабли_и_Галактика.2020,Иванов,Пастернак,False,ТолстойА,False,Иванов,True,Иванов,True
Иванов.Ненастье.2015,Иванов,Глуховский,False,Иванов,True,Иванов,True,Иванов,True
Иванов.Сердце_Пармы.2003,Иванов,Астафьев,False,Иванов,True,Иванов,True,Иванов,True
Карамзин.Бедная_Лиза.1792,Карамзин,Семёнов,False,Карамзин,True,Карамзин,True,Карамзин,True
Карамзин.Наталья_боярская_дочь.1792,Карамзин,Лажечников,False,Карамзин,True,Карамзин,True,Карамзин,True
Карамзин.Покорение_Новгорода.1802,Карамзин,Гейнце,False,Полевой,False,Полевой,False,Булгарин,False
Карнович.Любовь_и_корона.1879,Карнович,Мордовцев,False,Соловьев,False,Соловьев,False,Карнович,True
Карнович.На_высоте_и_на_доле_Царевна_Софья_Алексеевна.1897,Карнович,Карнович,True,Соловьев,False,Карнович,True,Карнович,True
Карнович.Придворное_кружево.1885,Карнович,Мердер,False,Карнович,True,Карнович,True,Карнович,True
Короленко.Без_языка.1902,Короленко,Даль,False,Короленко,True,Станюкович,False,Короленко,True
Короленко.В_дурном_обществе.1894,Короленко,Пепперштейн,False,Короленко,True,ТолстойЛ,False,Короленко,True
Короленко.Марусина_заимка.1888,Короленко,Трифонов,False,Короленко,True,Короленко,True,Короленко,True
Короленко.Слепой_музыкант.1888,Короленко,Лажечников,False,Короленко,True,Маркевич,False,Короленко,True
Короленко.Судный_день_(Иом-кипур).1888,Короленко,Загоскин,False,Лесков,False,Леонтьев,False,Короленко,True
Кохановская.Гайка.1860,Кохановская,Лесков,False,Кохановская,True,Писемский,False,Кохановская,True
Кохановская.Из_провинциальной_галереи_портретов.1863,Кохановская,Мордовцев,False,Кохановская,True,Кохановская,True,Кохановская,True
Кохановская.Любила.1858,Кохановская,Шеллер-Михайлов,False,Кохановская,True,Кохановская,True,Кохановская,True
Красницкий.Гроза_Византии.1898,Красницкий,Красницкий,True,Красницкий,True,Красницкий,True,Красницкий,True
Красницкий.Князь_Святослав.1894,Красницкий,Иванов,False,Иванов,False,Красницкий,True,Красницкий,True
Красницкий.Красное_Солнышко.1902,Красницкий,Гейнце,False,Красницкий,True,Красницкий,True,Красницкий,True
Куприн.Впотьмах.1912,Куприн,Маркевич,False,Куприн,True,Достоевский,False,Куприн,True
Куприн.Молох.1903,Куприн,Салиас-де-Турнемир,False,Куприн,True,Маркевич,False,Куприн,True
Куприн.На_переломе.1908,Куприн,Лесков,False,Помяловский,False,Достоевский,False,Куприн,True
Куприн.Олеся.1905,Куприн,Панаев,False,Куприн,True,Достоевский,False,Куприн,True
Лажечников.Басурман.1838,Лажечников,Лажечников,True,Лажечников,True,Лажечников,True,Лажечников,True
"Лажечников.Беленькие,_черненькие,_и_серенькие.1858",Лажечников,Гейнце,False,Лажечников,True,Лажечников,True,Лажечников,True
Лажечников.Внучка_панцирного_боярина.1868,Лажечников,Лажечников,True,Лажечников,True,Лажечников,True,Лажечников,True
Лажечников.Ледяной_дом.1835,Лажечников,Лажечников,True,Лажечников,True,Лажечников,True,Лажечников,True
Лажечников.Последний_Новик_или_Завоевание_Лифляндии.1833,Лажечников,Лажечников,True,Лажечников,True,Лажечников,True,Лажечников,True
Лейкин.Актеры-любители.1891,Лейкин,Вельтман,False,Лейкин,True,Лейкин,True,Лейкин,True
Лейкин.В_гостях_у_турок.1897,Лейкин,Лейкин,True,Лейкин,True,Лейкин,True,Лейкин,True
Лейкин.Где_апельсины_зреют.1893,Лейкин,Лейкин,True,Лейкин,True,Лейкин,True,Лейкин,True
Лейкин.Два_соперника.1891,Лейкин,Леонтьев,False,Лейкин,True,Лейкин,True,Лейкин,True
Лейкин.На_заработках.1892,Лейкин,Салтыков-Щедрин,False,Решетников,False,Решетников,False,Решетников,False
Лейкин.Наши_заграницей.1892,Лейкин,Лейкин,True,Лейкин,True,Лейкин,True,Лейкин,True
Леонтьев.Аспазия_Ламприди.1876,Леонтьев,Леонтьев,True,Леонтьев,True,Леонтьев,True,Леонтьев,True
Леонтьев.В_своем_краю.1864,Леонтьев,Лесков,False,Леонтьев,True,Писемский,False,ТолстойА,False
Леонтьев.Дитя_души.1876,Леонтьев,Леонтьев,True,Леонтьев,True,Леонтьев,True,Леонтьев,True
Леонтьев.Египетский_голубь.1881,Леонтьев,Лесков,False,Леонтьев,True,Леонтьев,True,Леонтьев,True
Леонтьев.Исповедь_мужа_(Ай-Бурун).1867,Леонтьев,Леонтьев,True,Леонтьев,True,Леонтьев,True,Леонтьев,True
Леонтьев.Корделия.1891,Леонтьев,Леонтьев,True,Леонтьев,True,Леонтьев,True,Лесков,False
Леонтьев.Пембе.1870,Леонтьев,Леонтьев,True,Леонтьев,True,Леонтьев,True,Леонтьев,True
Леонтьев.Сфакиот.1877,Леонтьев,Леонтьев,True,Леонтьев,True,Леонтьев,True,Леонтьев,True
Леонтьев.Хризо.1876,Леонтьев,Леонтьев,True,Леонтьев,True,Леонтьев,True,Леонтьев,True
Лермонтов.Вадим.1873,Лермонтов,Соловьев,False,Загоскин,False,Лермонтов,True,Лермонтов,True
Лермонтов.Герой_нашего_времени.1840,Лермонтов,Достоевский,False,Лермонтов,True,Достоевский,False,Лермонтов,True
Лермонтов.Княгиня_Лиговская.1891,Лермонтов,Станюкович,False,Соллогуб,False,Лермонтов,True,Лермонтов,True
Лесков.Аскалонский_злодей.1889,Лесков,Полевой,False,Лесков,True,Леонтьев,False,Лесков,True
Лесков.Воительница.1873,Лесков,Писемский,False,Лесков,True,Лесков,True,Лесков,True
Лесков.Детские_годы.1876,Лесков,ТолстойЛ,False,Лесков,True,Лесков,True,Гончаров,False
Лесков.Железная_воля.1876,Лесков,Лесков,True,Лесков,True,Лесков,True,Лесков,True
Лесков.Житие_одной_бабы.1863,Лесков,Салтыков-Щедрин,False,Лесков,True,Лесков,True,Лесков,True
Лесков.Загадочный_человек.1871,Лесков,Лесков,True,Лесков,True,Лесков,True,Лесков,True
Лесков.Запечатленный_ангел.1874,Лесков,Лесков,True,Лесков,True,Лесков,True,Лесков,True
Лесков.Захудалый_род.1875,Лесков,Лесков,True,Лесков,True,Лесков,True,Лесков,True
Лесков.Заячий_ремиз.1922,Лесков,Лесков,True,Лесков,True,Лесков,True,Лесков,True
Лесков.Интересные_мужчины.1886,Лесков,Лесков,True,Лесков,True,Лесков,True,Лесков,True
Лесков.Колыванский_муж.1888,Лесков,Лесков,True,Лесков,True,Лесков,True,Лесков,True
Лесков.Леди_Макбет_Мценского_уезда.1889,Лесков,Кохановская,False,Лесков,True,Лесков,True,Лесков,True
Лесков.На_краю_света.1876,Лесков,Лесков,True,Лесков,True,Лесков,True,Лесков,True
Лесков.На_ножах.1871,Лесков,Лесков,True,Лесков,True,Лесков,True,Лесков,True
Лесков.Некуда.1865,Лесков,Лесков,True,Лесков,True,Лесков,True,Лесков,True
Лесков.Обойденные.1866,Лесков,Лесков,True,Лесков,True,Лесков,True,Лесков,True
Лесков.Оскорбленная_Нетэта.1917,Лесков,Ростопчин,False,Мордовцев,False,Лесков,True,Лесков,True
Лесков.Островитяне.1866,Лесков,Лесков,True,Лесков,True,Лесков,True,Лесков,True
Лесков.Очарованный_странник.1874,Лесков,Лесков,True,Лесков,True,Лесков,True,Лесков,True
Лесков.Павлин.1876,Лесков,Лесков,True,Лесков,True,Лесков,True,Лесков,True
Лесков.Печерские_антики.1883,Лесков,Лесков,True,Лесков,True,Лесков,True,Лесков,True
Лесков.Полунощники.1893,Лесков,Лесков,True,Лесков,True,Лесков,True,Лесков,True
Лесков.Смех_и_горе.1871,Лесков,Лесков,True,Лесков,True,Лесков,True,Лесков,True
Лесков.Соборяне.1872,Лесков,Лесков,True,Лесков,True,Лесков,True,Лесков,True
Лесков.Старые_годы_в_селе_Плодомасове.1888,Лесков,Мордовцев,False,Лесков,True,Лесков,True,Лесков,True
Лесков.Чёртовы_куклы.1890,Лесков,Лесков,True,Лесков,True,Лесков,True,Лесков,True
Мамин-Сибиряк.Бойцы.1889,Мамин-Сибиряк,Мамин-Сибиряк,True,Иванов,False,Мамин-Сибиряк,True,Мамин-Сибиряк,True
Мамин-Сибиряк.Братья_Гордеевы.1896,Мамин-Сибиряк,Мамин-Сибиряк,True,Мамин-Сибиряк,True,Мамин-Сибиряк,True,Мамин-Сибиряк,True
Мамин-Сибиряк.В_горах.1898,Мамин-Сибиряк,Мамин-Сибиряк,True,Мамин-Сибиряк,True,Мамин-Сибиряк,True,Шишкин,False
Мамин-Сибиряк.Верный_раб.1901,Мамин-Сибиряк,Мамин-Сибиряк,True,Мамин-Сибиряк,True,Мамин-Сибиряк,True,Мамин-Сибиряк,True
Мамин-Сибиряк.Весенние_грозы.1895,Мамин-Сибиряк,Мамин-Сибиряк,True,Мамин-Сибиряк,True,Мамин-Сибиряк,True,Мамин-Сибиряк,True
Мамин-Сибиряк.Горное_гнездо.1890,Мамин-Сибиряк,Мамин-Сибиряк,True,Мамин-Сибиряк,True,Мамин-Сибиряк,True,Гончаров,False
Мамин-Сибиряк.Золото.1895,Мамин-Сибиряк,Мамин-Сибиряк,True,Мамин-Сибиряк,True,Мамин-Сибиряк,True,Сорокин,False
Мамин-Сибиряк.Золотуха.1889,Мамин-Сибиряк,Мамин-Сибиряк,True,Мамин-Сибиряк,True,Мамин-Сибиряк,True,Мамин-Сибиряк,True
Мамин-Сибиряк.Именинник.1888,Мамин-Сибиряк,Мамин-Сибиряк,True,Мамин-Сибиряк,True,Мамин-Сибиряк,True,Мамин-Сибиряк,True
Мамин-Сибиряк.На_рубеже_Азии.1882,Мамин-Сибиряк,Мамин-Сибиряк,True,Мамин-Сибиряк,True,Мамин-Сибиряк,True,Мамин-Сибиряк,True
Мамин-Сибиряк.Охонины_брови.1896,Мамин-Сибиряк,Мамин-Сибиряк,True,Мамин-Сибиряк,True,Мамин-Сибиряк,True,Мамин-Сибиряк,True
Мамин-Сибиряк.Приваловские_миллионы.1897,Мамин-Сибиряк,Мамин-Сибиряк,True,Мамин-Сибиряк,True,Мамин-Сибиряк,True,Мамин-Сибиряк,True
Мамин-Сибиряк.Сестры.1883,Мамин-Сибиряк,Мамин-Сибиряк,True,Мамин-Сибиряк,True,Мамин-Сибиряк,True,Мамин-Сибиряк,True
Мамин-Сибиряк.Три_конца.1895,Мамин-Сибиряк,Мамин-Сибиряк,True,Мамин-Сибиряк,True,Мамин-Сибиряк,True,Солженицын,False
Мамин-Сибиряк.Хлеб.1896,Мамин-Сибиряк,Мамин-Сибиряк,True,Мамин-Сибиряк,True,Мамин-Сибиряк,True,Мамин-Сибиряк,True
Мамин-Сибиряк.Черты_из_жизни_Пепко.1895,Мамин-Сибиряк,Лесков,False,Мамин-Сибиряк,True,Мамин-Сибиряк,True,Мамин-Сибиряк,True
Маркевич.Бездна.1883,Маркевич,Маркевич,True,Маркевич,True,Маркевич,True,Маркевич,True
Маркевич.Две_маски.1874,Маркевич,Лермонтов,False,Маркевич,True,Маркевич,True,Маркевич,True
Маркевич.Забытый_вопрос.1872,Маркевич,ТолстойЛ,False,Маркевич,True,Маркевич,True,Маркевич,True
Маркевич.Лесник.1880,Маркевич,Маркевич,True,Маркевич,True,Маркевич,True,Маркевич,True
Маркевич.Марина_из_Алого_Рога.1873,Маркевич,Маркевич,True,Маркевич,True,Маркевич,True,Маркевич,True
Маркевич.Типы_прошлого.1868,Маркевич,Тургенев,False,Маркевич,True,Маркевич,True,Маркевич,True
Масальский.Осада_Углича.1841,Масальский,Масальский,True,Масальский,True,Масальский,True,Масальский,True
Масальский.Регентство_Бирона.1834,Масальский,Масальский,True,Масальский,True,Масальский,True,Масальский,True
Масальский.Стрельцы.1832,Масальский,Масальский,True,Карнович,False,Полевой,False,Гончаров,False
Масальский.Черный_ящик.1833,Масальский,Масальский,True,Масальский,True,Масальский,True,Масальский,True
Мельников-Печерский.В_лесах.1826,Мельников-Печерский,Мельников-Печерский,True,Мельников-Печерский,True,Мельников-Печерский,True,Мельников-Печерский,True
Мельников-Печерский.На_горах.1826,Мельников-Печерский,Мельников-Печерский,True,Мельников-Печерский,True,Мельников-Печерский,True,Мельников-Печерский,True
Мельников-Печерский.Старые_годы.1876,Мельников-Печерский,Салиас-де-Турнемир,False,Мельников-Печерский,True,Мельников-Печерский,True,Мельников-Печерский,True
Мердер.Авантюристы.1915,Мердер,Мердер,True,Мердер,True,Мердер,True,Мердер,True
Мердер.В_поисках_истины.1895,Мердер,Мердер,True,Мердер,True,Мердер,True,Мердер,True
Мердер.Воротынцевы.1891,Мердер,Мердер,True,Мердер,True,Мердер,True,Мердер,True
Мердер.Звезда_цесаревны.1906,Мердер,Мердер,True,Мердер,True,Мердер,True,Мердер,True
Мердер.Перед_разгромом.1904,Мердер,Мердер,True,Мердер,True,Мердер,True,Мердер,True
Мердер.Последний_из_Воротынцевых.1896,Мердер,Мердер,True,Мердер,True,Мердер,True,Мердер,True
Мердер.Тайный_брак.1910,Мердер,Мердер,True,Мердер,True,Мердер,True,Мердер,True
Мердер.Царский_приказ.1915,Мердер,Мердер,True,Мердер,True,Мердер,True,Мердер,True
Мордовцев.Великий_раскол.1881,Мордовцев,Мордовцев,True,Мордовцев,True,Мордовцев,True,Мордовцев,True
Мордовцев.Господин_Великий_Новгород.1882,Мордовцев,Мордовцев,True,Мордовцев,True,Мордовцев,True,Мордовцев,True
Мордовцев.Двенадцатый_год.1901,Мордовцев,Мордовцев,True,Мордовцев,True,Мордовцев,True,Мордовцев,True
Мордовцев.Державный_плотник.1899,Мордовцев,Мордовцев,True,Мордовцев,True,Мордовцев,True,Мордовцев,True
Мордовцев.За_чьи_грехи.1891,Мордовцев,Мордовцев,True,Мордовцев,True,Мордовцев,True,Мордовцев,True
Мордовцев.Замурованная_царица.1891,Мордовцев,Мордовцев,True,Мордовцев,True,Мордовцев,True,Мордовцев,True
Мордовцев.Ирод.1897,Мордовцев,Лажечников,False,Мордовцев,True,Мордовцев,True,Мордовцев,True
Мордовцев.Мамаево_побоище.1881,Мордовцев,Мордовцев,True,Мордовцев,True,Мордовцев,True,Мордовцев,True
Мордовцев.Наносная_беда.1899,Мордовцев,Мордовцев,True,Мордовцев,True,Мордовцев,True,Мордовцев,True
Мордовцев.Сидение_раскольников_в_соловках.1880,Мордовцев,Мордовцев,True,Мордовцев,True,Мордовцев,True,Мордовцев,True
Мордовцев.Социалист_прошлого_века.1885,Мордовцев,Мордовцев,True,Мордовцев,True,Мордовцев,True,Мордовцев,True
Мордовцев.Тень_Ирода.1878,Мордовцев,Мордовцев,True,Мордовцев,True,Мордовцев,True,Мордовцев,True
Мордовцев.Фанатик.1891,Мордовцев,Мордовцев,True,Мордовцев,True,Мордовцев,True,Мордовцев,True
Набоков.Ада.1969,Набоков,Набоков,True,Набоков,True,Набоков,True,Набоков,True
Набоков.Дар.1938,Набоков,Набоков,True,Набоков,True,Набоков,True,Набоков,True
Набоков.Защита_Лужина.1930,Набоков,Набоков,True,Набоков,True,Набоков,True,Шолохов,False
Набоков.Казнь.1936,Набоков,Шишкин,False,Набоков,True,Набоков,True,Вельтман,False
Набоков.Камера.1933,Набоков,Соловьев,False,Набоков,True,Набоков,True,Водолазкин,False
Набоков.Король.1928,Набоков,Набоков,True,Набоков,True,Набоков,True,Набоков,True
Набоков.Лолита.1955,Набоков,Набоков,True,Набоков,True,Набоков,True,Набоков,True
Набоков.Машенька.1926,Набоков,Набоков,True,Набоков,True,Набоков,True,Набоков,True
Набоков.Отчаяние.1934,Набоков,Пелевин,False,Набоков,True,Набоков,True,Набоков,True
Набоков.Пнин_пер_Барлабтарло.1957,Набоков,Набоков,True,Набоков,True,Набоков,True,Набоков,True
Набоков.Пнин_пер_Ильин.1957,Набоков,Набоков,True,Набоков,True,Набоков,True,Набоков,True
Набоков.Пнин_пер_Носик.1957,Набоков,Набоков,True,Набоков,True,Набоков,True,Набоков,True
Набоков.Под_знаком_незаконорожденных_пер_Ильин.1947,Набоков,Пастернак,False,Набоков,True,Набоков,True,Набоков,True
Набоков.Подвиг.1932,Набоков,Набоков,True,Набоков,True,Набоков,True,Набоков,True
Набоков.Прозрачные_вещи_пер_Ильин.1972,Набоков,Набоков,True,Набоков,True,Набоков,True,Набоков,True
Набоков.Себастьян_Найт.1941,Набоков,ТолстойЛ,False,Набоков,True,Набоков,True,Набоков,True
Набоков.Смотри_на_арлекинов.1974,Набоков,Набоков,True,Набоков,True,Набоков,True,Набоков,True
Нарежный.Бурсак.1824,Нарежный,Нарежный,True,Нарежный,True,Нарежный,True,Нарежный,True
Нарежный.Два_Ивана_или_Страсть_к_тяжбам.1825,Нарежный,Булгарин,False,Нарежный,True,Нарежный,True,Нарежный,True
Нарежный.Запорожец.1836,Нарежный,Булгарин,False,Нарежный,True,Нарежный,True,Нарежный,True
Нарежный.Российский_Жилблаз.1814,Нарежный,Нарежный,True,Нарежный,True,Нарежный,True,Нарежный,True
Панаев.Актеон.1857,Панаев,Панаев,True,Панаев,True,Писемский,False,Панаев,True
Панаев.Белая_горячка.1840,Панаев,Маркевич,False,Панаев,True,Гончаров,False,Панаев,True
Панаев.Дочь_чиновного_человека.1839,Панаев,Дурова,False,Панаев,True,Достоевский,False,Панаев,True
Панаев.Она_будет_счастлива.1836,Панаев,Панаев,True,Панаев,True,Панаев,True,Панаев,True
Панаев.Онагр.1857,Панаев,Панаев,True,Панаев,True,Панаев,True,Панаев,True
Панаев.Прекрасный_человек.1857,Панаев,Лажечников,False,Панаев,True,Панаев,True,Панаев,True
Панаев.Родственники.1860,Панаев,Гейнце,False,Панаев,True,Достоевский,False,Панаев,True
Панаев.Сегодня_и_завтра.1837,Панаев,Панаев,True,Панаев,True,Панаев,True,Панаев,True
Панаев.Семейство_Тальниковых.1848,Панаев,ТолстойЛ,False,Анненская,False,Достоевский,False,Анненская,False
Панаев.Спальня_светской_женщины.1835,Панаев,Панаев,True,Панаев,True,Панаев,True,Панаев,True
Панаев.Степная_барышня.1855,Панаев,Лермонтов,False,Панаев,True,Достоевский,False,Панаев,True
Пастернак.Апеллесова_черта.1918,Пастернак,Акунин,False,Пастернак,True,Достоевский,False,Пастернак,True
Пастернак.Воздушные_пути.1924,Пастернак,Ростопчин,False,Пастернак,True,Леонтьев,False,Пастернак,True
Пастернак.Доктор_Живаго.1955,Пастернак,ТолстойА,False,Пастернак,True,Солженицын,False,Пастернак,True
Пастернак.Охранная_грамота.1930,Пастернак,Шишкин,False,Пастернак,True,Пастернак,True,Пастернак,True
Пелевин.Generation_П.1999,Пелевин,Трифонов,False,Пелевин,True,Пелевин,True,Пелевин,True
Пелевин.KGBT_plus.2022,Пелевин,Пелевин,True,Пелевин,True,Пелевин,True,Пелевин,True
Пелевин.SNUFF.2011,Пелевин,Пелевин,True,Пелевин,True,Пелевин,True,Пелевин,True
Пелевин.Transhumanism_Inc.2021,Пелевин,Пелевин,True,Пелевин,True,Пелевин,True,Пелевин,True
Пелевин.iPhuck10.2017,Пелевин,Пелевин,True,Пелевин,True,Пелевин,True,Пелевин,True
Пелевин.t.2009,Пелевин,Пелевин,True,Пелевин,True,Пелевин,True,Пелевин,True
Пелевин.Ампир_В.2006,Пелевин,Пелевин,True,Пелевин,True,Пелевин,True,Пелевин,True
Пелевин.Бэтман_Аполло.2013,Пелевин,Пелевин,True,Пелевин,True,Пелевин,True,Пелевин,True
Пелевин.Железная_бездна.2015,Пелевин,Пелевин,True,Пелевин,True,Пелевин,True,Пелевин,True
Пелевин.Жизнь_насекомых.1993,Пелевин,Трифонов,False,Пелевин,True,Пелевин,True,Пелевин,True
Пелевин.Лампа_Мафусаила.2016,Пелевин,Пелевин,True,Пелевин,True,Пелевин,True,Пелевин,True
Пелевин.Любовь_к_трем_цукербринам.2014,Пелевин,Пелевин,True,Пелевин,True,Пелевин,True,Солженицын,False
Пелевин.Непобедимое_Солнце.2020,Пелевин,Пелевин,True,Пелевин,True,Пелевин,True,Пелевин,True
Пелевин.Орден_желтого_флага.2015,Пелевин,Пелевин,True,Пелевин,True,Пелевин,True,Пелевин,True
Пелевин.Священная_книга_оборотня.2004,Пелевин,Пелевин,True,Пелевин,True,Пелевин,True,Пелевин,True
Пелевин.Тайные_виды_на_гору_Фудзи.2018,Пелевин,Пелевин,True,Пелевин,True,Пелевин,True,Пелевин,True
Пелевин.Чапаев_и_Пустота.1996,Пелевин,Пелевин,True,Пелевин,True,Пелевин,True,Пелевин,True
Пелевин.Числа.2003,Пелевин,Пелевин,True,Пелевин,True,Пелевин,True,Пелевин,True
Пепперштейн.Cвастика_и_Пентагон.2006,Пепперштейн,Пастернак,False,Пепперштейн,True,Пепперштейн,True,Пепперштейн,True
Пепперштейн.Мифогенная_любовь_каст.1999,Пепперштейн,Пастернак,False,Пепперштейн,True,Аксенов,False,Мордовцев,False
Пепперштейн.Пражская_ночь.2011,Пепперштейн,Короленко,False,Пепперштейн,True,Пепперштейн,True,Пепперштейн,True
Писемский.Боярщина.1861,Писемский,Гейнце,False,Писемский,True,Писемский,True,Писемский,True
Писемский.В_водовороте.1872,Писемский,Писемский,True,Писемский,True,Писемский,True,Писемский,True
Писемский.Взбаламученное_море.1863,Писемский,Писемский,True,Писемский,True,Писемский,True,Писемский,True
Писемский.Виновата_ли_она.1861,Писемский,Лермонтов,False,Писемский,True,Писемский,True,Писемский,True
Писемский.Комик.1861,Писемский,Достоевский,False,Писемский,True,Писемский,True,Писемский,True
Писемский.Люди_сороковых_годов.1869,Писемский,Писемский,True,Писемский,True,Писемский,True,Мельников-Печерский,False
Писемский.Масоны.1880,Писемский,Лесков,False,Писемский,True,Писемский,True,Лесков,False
Писемский.Мещане.1878,Писемский,Гейнце,False,Писемский,True,Писемский,True,Писемский,True
Писемский.Сергей_Петрович_Хозаров_и_Мари_Ступицына.1851,Писемский,Достоевский,False,Писемский,True,Писемский,True,Писемский,True
Писемский.Старческий_грех.1861,Писемский,Писемский,True,Писемский,True,Писемский,True,Писемский,True
Писемский.Тысяча_душ.1858,Писемский,Писемский,True,Писемский,True,Писемский,True,Шишкин,False
Писемский.Тюфяк.1850,Писемский,Шеллер-Михайлов,False,Писемский,True,Писемский,True,Писемский,True
Писемский.Фанфарон.1859,Писемский,Лесков,False,Писемский,True,Писемский,True,Писемский,True
Платонов.Впрок.1931,Платонов,Платонов,True,Платонов,True,Платонов,True,Платонов,True
Платонов.Деревянное_растение.1990,Платонов,Солженицын,False,Платонов,True,Алексиевич,False,Платонов,True
Платонов.Котлован.1969,Платонов,Платонов,True,Платонов,True,Платонов,True,Платонов,True
Платонов.Сокровенный_человек.1927,Платонов,Платонов,True,Платонов,True,Владимов,False,Вельтман,False
Платонов.Счастливая_Москва.1996,Платонов,Платонов,True,Платонов,True,Платонов,True,Платонов,True
Платонов.Ювенильное_море.1986,Платонов,Платонов,True,Платонов,True,Платонов,True,Платонов,True
Платонов.Ямская_слобода.1927,Платонов,Платонов,True,Платонов,True,Леонтьев,False,Платонов,True
Плещеев.Дружеские_советы.1849,Плещеев,Дружинин,False,Салиас-де-Турнемир,False,Достоевский,False,Достоевский,False
Плещеев.Отец_и_дочь.1860,Плещеев,Битов,False,Плещеев,True,Плещеев,True,Плещеев,True
Плещеев.Пашинцев.1880,Плещеев,Мердер,False,Плещеев,True,Достоевский,False,Плещеев,True
Полевой.Блаженство_безумия.1833,Полевой,ТолстойЛ,False,Полевой,True,Полевой,True,Полевой,True
Полевой.Живописец.1834,Полевой,Салиас-де-Турнемир,False,Полевой,True,Полевой,True,Полевой,True
Полевой.Избранник_Божий.1899,Полевой,Мордовцев,False,Шеллер-Михайлов,False,ТолстойЛ,False,Данилевский,False
Полевой.Иоанн_Цимисхий.1841,Полевой,Лесков,False,Карамзин,False,Полевой,True,Полевой,True
Полевой.Клятва_при_гробе_Господнем.1832,Полевой,Полевой,True,Полевой,True,Булгарин,False,Масальский,False
Полевой.Повесть_о_Симеоне_суздальском_князе.1843,Полевой,Полевой,True,Полевой,True,Полевой,True,Полевой,True
Полевой.Рассказы_русского_солдата.1834,Полевой,Лесков,False,Загоскин,False,Загоскин,False,Полевой,True
Полевой.Эмма.1834,Полевой,Бестужев,False,Полевой,True,Полевой,True,Полевой,True
Помяловский.Мещанское_счастье.1861,Помяловский,Плещеев,False,Помяловский,True,Помяловский,True,Помяловский,True
Помяловский.Молотов.1861,Помяловский,Шеллер-Михайлов,False,Помяловский,True,Помяловский,True,Помяловский,True
Помяловский.Очерки_бурсы.1865,Помяловский,Куприн,False,Помяловский,True,Помяловский,True,Салтыков-Щедрин,False
Потапенко.Не_герой.1896,Потапенко,Соловьев,False,Станюкович,False,Достоевский,False,Потапенко,True
Потапенко.Секретарь_его_превосходительства.1891,Потапенко,Потапенко,True,Потапенко,True,Потапенко,True,Потапенко,True
Потапенко.Шестеро.1894,Потапенко,Соловьев,False,Решетников,False,Достоевский,False,Потапенко,True
Пришвин.В_краю_непуганных_птиц.2014,Пришвин,Гарин-Михайловский,False,Пришвин,True,Пришвин,True,Пришвин,True
Пришвин.Дорогие_звери.1971,Пришвин,Пришвин,True,Пришвин,True,Пришвин,True,Пришвин,True
Пришвин.Кащеева_цепь.1927,Пришвин,Пришвин,True,Пришвин,True,Пришвин,True,Пришвин,True
Пришвин.Осударева_дорога.1957,Пришвин,Пришвин,True,Пришвин,True,Пришвин,True,Пришвин,True
Пришвин.Письмовник.2010,Пришвин,Шишкин,False,Шишкин,False,Шишкин,False,Шишкин,False
Пушкин.Дубровский.1841,Пушкин,Пушкин,True,Пушкин,True,Пушкин,True,Пушкин,True
Пушкин.Капитанская_дочка.1836,Пушкин,ТолстойЛ,False,Пушкин,True,Масальский,False,Лермонтов,False
Пушкин.Пиковая_дама.1834,Пушкин,Лермонтов,False,Пушкин,True,Писемский,False,Пушкин,True
Пушкин.Повести_Белкина.1831,Пушкин,Лажечников,False,Пушкин,True,Нарежный,False,Пушкин,True
Решетников.Где_лучше.1869,Решетников,Салтыков-Щедрин,False,Решетников,True,Решетников,True,Решетников,True
Решетников.Горнорабочие.1861,Решетников,Решетников,True,Решетников,True,Решетников,True,Решетников,True
Решетников.Между_людьми.1869,Решетников,Достоевский,False,Решетников,True,Решетников,True,Решетников,True
Решетников.Подлиповцы.1867,Решетников,Астафьев,False,Решетников,True,Решетников,True,Решетников,True
Решетников.Ставленник.1869,Решетников,Гончаров,False,Решетников,True,Решетников,True,Решетников,True
Ростопчин.Палаццо_Форли.1854,Ростопчин,Станюкович,False,Ростопчин,True,Ростопчин,True,Ростопчин,True
Ростопчин.Поединок.1838,Ростопчин,Полевой,False,Ростопчин,True,Ростопчин,True,Ростопчин,True
Ростопчин.Счастливая_женщина.1851,Ростопчин,Лесков,False,Ростопчин,True,Ростопчин,True,Ростопчин,True
Салиас-де-Турнемир.Аракчеевский_подкидыш.1889,Салиас-де-Турнемир,Салиас-де-Турнемир,True,Салиас-де-Турнемир,True,Салиас-де-Турнемир,True,Салиас-де-Турнемир,True
Салиас-де-Турнемир.Аракчеевский_сынок.1888,Салиас-де-Турнемир,Салиас-де-Турнемир,True,Салиас-де-Турнемир,True,Салиас-де-Турнемир,True,Салиас-де-Турнемир,True
Салиас-де-Турнемир.Крутоярская_царевна.1893,Салиас-де-Турнемир,Салиас-де-Турнемир,True,Салиас-де-Турнемир,True,Салиас-де-Турнемир,True,Салиас-де-Турнемир,True
Салиас-де-Турнемир.Кудесник.1887,Салиас-де-Турнемир,Салиас-де-Турнемир,True,Салиас-де-Турнемир,True,Салиас-де-Турнемир,True,Салиас-де-Турнемир,True
Салиас-де-Турнемир.На_Москве_(Мор).1885,Салиас-де-Турнемир,Салиас-де-Турнемир,True,Салиас-де-Турнемир,True,Салиас-де-Турнемир,True,Салиас-де-Турнемир,True
Салиас-де-Турнемир.Петербургское_действо.1880,Салиас-де-Турнемир,Салиас-де-Турнемир,True,Салиас-де-Турнемир,True,Салиас-де-Турнемир,True,Салиас-де-Турнемир,True
Салиас-де-Турнемир.Семейство_Шалонских.1880,Салиас-де-Турнемир,Чехов,False,Салиас-де-Турнемир,True,Лесков,False,Панаев,False
Салиас-де-Турнемир.Старушка.1859,Салиас-де-Турнемир,Хвощинска,False,Ростопчин,False,Достоевский,False,Ростопчин,False
Салиас-де-Турнемир.Филозоф.1891,Салиас-де-Турнемир,Салиас-де-Турнемир,True,Салиас-де-Турнемир,True,Салиас-де-Турнемир,True,Салиас-де-Турнемир,True
Салиас-де-Турнемир.Фрейлина_императрицы.1887,Салиас-де-Турнемир,Салиас-де-Турнемир,True,Салиас-де-Турнемир,True,Салиас-де-Турнемир,True,Салиас-де-Турнемир,True
Салиас-де-Турнемир.Ширь_и_мах_(Миллион).1892,Салиас-де-Турнемир,Салиас-де-Турнемир,True,Салиас-де-Турнемир,True,Салиас-де-Турнемир,True,Салиас-де-Турнемир,True
Салтыков-Щедрин.Благонамеренные_речи.1876,Салтыков-Щедрин,Салтыков-Щедрин,True,Салтыков-Щедрин,True,Салтыков-Щедрин,True,Салтыков-Щедрин,True
Салтыков-Щедрин.В_больнице_для_умалишенных.1873,Салтыков-Щедрин,Салтыков-Щедрин,True,Салтыков-Щедрин,True,Салтыков-Щедрин,True,Салтыков-Щедрин,True
Салтыков-Щедрин.Господа_Головлевы.1880,Салтыков-Щедрин,Мордовцев,False,Салтыков-Щедрин,True,Салтыков-Щедрин,True,Салтыков-Щедрин,True
Салтыков-Щедрин.Дневник_провинциала_в_Петербурге.1873,Салтыков-Щедрин,Салтыков-Щедрин,True,Салтыков-Щедрин,True,Салтыков-Щедрин,True,Салтыков-Щедрин,True
Салтыков-Щедрин.История_одного_города.1870,Салтыков-Щедрин,Солженицын,False,Салтыков-Щедрин,True,Салтыков-Щедрин,True,Салтыков-Щедрин,True
Салтыков-Щедрин.Помпадуры_и_помпадурши.1873,Салтыков-Щедрин,Салтыков-Щедрин,True,Салтыков-Щедрин,True,Салтыков-Щедрин,True,Салтыков-Щедрин,True
Салтыков-Щедрин.Пошехонская_старина.1887,Салтыков-Щедрин,Салтыков-Щедрин,True,Салтыков-Щедрин,True,Салтыков-Щедрин,True,Салтыков-Щедрин,True
Салтыков-Щедрин.Современная_идиллия.1883,Салтыков-Щедрин,Салтыков-Щедрин,True,Салтыков-Щедрин,True,Салтыков-Щедрин,True,Салтыков-Щедрин,True
Салтыков-Щедрин.Убежище_Монрепо.1880,Салтыков-Щедрин,Салтыков-Щедрин,True,Салтыков-Щедрин,True,Салтыков-Щедрин,True,Салтыков-Щедрин,True
Сальников.Оккульттрегер.2022,Сальников,Акунин,False,Сальников,True,Сальников,True,Сальников,True
Сальников.Опосредованно.2019,Сальников,Трифонов,False,Сальников,True,Сальников,True,Сальников,True
Сальников.Отдел.2018,Сальников,Трифонов,False,Сальников,True,Сальников,True,Глуховский,False
Семёнов.Два_сфинкса.1900,Семёнов,Семёнов,True,Семёнов,True,Семёнов,True,Семёнов,True
Семёнов.Заколдованный_замок.1898,Семёнов,Семёнов,True,Семёнов,True,Семёнов,True,Дружинин,False
Семёнов.Месть_еврея.1892,Семёнов,Семёнов,True,Семёнов,True,Семёнов,True,Семёнов,True
Семёнов.Рекенштейны.1894,Семёнов,Семёнов,True,Семёнов,True,Семёнов,True,Аксенов,False
Семёнов.Царица_Хатасу.1894,Семёнов,Семёнов,True,Семёнов,True,Семёнов,True,Семёнов,True
Славутинский.Жизнь_и_похождения_Трифона_Афанасьева.1860,Славутинский,Славутинский,True,Славутинский,True,Славутинский,True,Славутинский,True
Славутинский.Мирская_беда.1860,Славутинский,Славутинский,True,Славутинский,True,Славутинский,True,Славутинский,True
Славутинский.Читальщица.1860,Славутинский,Соловьев,False,Славутинский,True,Славутинский,True,Славутинский,True
Солженицын.Август_четырнадцатого.1971,Солженицын,Солженицын,True,Солженицын,True,Солженицын,True,Солженицын,True
Солженицын.Адлиг_Швинкиттен.1999,Солженицын,Солженицын,True,Солженицын,True,Алексиевич,False,Солженицын,True
Солженицын.Апрель_семнадцатого.1992,Солженицын,Солженицын,True,Солженицын,True,Солженицын,True,Солженицын,True
Солженицын.Архипелаг_ГУЛАГ.1968,Солженицын,Солженицын,True,Солженицын,True,Солженицын,True,Солженицын,True
Солженицын.В_круге_первом.1978,Солженицын,Солженицын,True,Солженицын,True,Солженицын,True,Солженицын,True
Солженицын.Март_семнадцатого.1986,Солженицын,Солженицын,True,Солженицын,True,Солженицын,True,Солженицын,True
Солженицын.Матренин_двор.1959,Солженицын,Астафьев,False,Солженицын,True,Леонтьев,False,Солженицын,True
Солженицын.На_изломах.1996,Солженицын,Солженицын,True,Солженицын,True,Солженицын,True,Солженицын,True
Солженицын.Один_день_Ивана_Денисовича.1962,Солженицын,Солженицын,True,Солженицын,True,Владимов,False,Солженицын,True
Солженицын.Октябрь_шестнадцатого.1985,Солженицын,Солженицын,True,Солженицын,True,Солженицын,True,Солженицын,True
Солженицын.Раковый_корпус.1990,Солженицын,Солженицын,True,Солженицын,True,Солженицын,True,Солженицын,True
Солженицын.Угодило_зернышко_промеж_жернов.1998,Солженицын,Солженицын,True,Аксенов,False,Солженицын,True,Солженицын,True
Соллогуб.Большой_свет.1840,Соллогуб,Бестужев,False,Лермонтов,False,Загоскин,False,Соллогуб,True
Соллогуб.Старушка.1850,Соллогуб,Соллогуб,True,Соллогуб,True,Достоевский,False,Соллогуб,True
Соллогуб.Тарантас.1845,Соллогуб,Салтыков-Щедрин,False,Загоскин,False,Загоскин,False,Соллогуб,True
Соловьев.Великий_розенкрейцер.1890,Соловьев,Соловьев,True,Соловьев,True,Соловьев,True,Соловьев,True
Соловьев.Волхвы.1879,Соловьев,Соловьев,True,Соловьев,True,Соловьев,True,Соловьев,True
Соловьев.Вольтерьянец.1883,Соловьев,Соловьев,True,Соловьев,True,Соловьев,True,Соловьев,True
Соловьев.Изгнанник.1884,Соловьев,Соловьев,True,Соловьев,True,Соловьев,True,Соловьев,True
Соловьев.Капитан_гренадерской_роты.1878,Соловьев,Соловьев,True,Карнович,False,Соловьев,True,Соловьев,True
Соловьев.Княжна_Острожская.1877,Соловьев,Соловьев,True,Соловьев,True,Соловьев,True,Соловьев,True
Соловьев.Последние_Горбатовы.1887,Соловьев,Соловьев,True,Соловьев,True,Соловьев,True,Соловьев,True
Соловьев.Сергей_Горбатов.1883,Соловьев,Соловьев,True,Соловьев,True,Соловьев,True,Соловьев,True
Соловьев.Старый_дом.1884,Соловьев,Соловьев,True,Соловьев,True,Соловьев,True,Соловьев,True
Соловьев.Царское_посольство.1893,Соловьев,Соловьев,True,Соловьев,True,Соловьев,True,Соловьев,True
Соловьев.Царь-девица.1878,Соловьев,Соловьев,True,Карнович,False,Соловьев,True,Соловьев,True
Соловьев.Юный_император.1879,Соловьев,Соловьев,True,Соловьев,True,Соловьев,True,Соловьев,True
Сорокин.De_femimis.2022,Сорокин,Пастернак,False,Сорокин,True,Сорокин,True,Сорокин,True
Сорокин.Голубое_сало.1999,Сорокин,ТолстойА,False,Сорокин,True,Сорокин,True,Сорокин,True
Сорокин.День_опричника.2006,Сорокин,Сорокин,True,Сорокин,True,Глуховский,False,Сорокин,True
Сорокин.Ледяная_трилогия.2004,Сорокин,Шишкин,False,Сорокин,True,Сорокин,True,Сорокин,True
Сорокин.Тридцатая_любовь_Марины.1983,Сорокин,Сорокин,True,Сорокин,True,Сорокин,True,Сорокин,True
Станюкович.В_мутной_воде.1873,Станюкович,Лермонтов,False,Станюкович,True,Станюкович,True,Станюкович,True
Станюкович.Василий_Иванович.1895,Станюкович,Соллогуб,False,Станюкович,True,Станюкович,True,Станюкович,True
Станюкович.Вокруг_света_на_Коршуне.1896,Станюкович,Полевой,False,Станюкович,True,Станюкович,True,Станюкович,True
Станюкович.Грозный_адмирал.1896,Станюкович,Станюкович,True,Станюкович,True,Станюкович,True,Станюкович,True
Станюкович.Два_брата.1881,Станюкович,Шеллер-Михайлов,False,Станюкович,True,Станюкович,True,Станюкович,True
Станюкович.Женитьба_Пинегина.1897,Станюкович,Станюкович,True,Станюкович,True,Станюкович,True,Станюкович,True
Станюкович.Жрецы.1906,Станюкович,Станюкович,True,Станюкович,True,Станюкович,True,Станюкович,True
Станюкович.История_одной_жизни.1896,Станюкович,Станюкович,True,Станюкович,True,Станюкович,True,Станюкович,True
Станюкович.Мрачный_штурман.1893,Станюкович,Станюкович,True,Станюкович,True,Станюкович,True,Станюкович,True
Станюкович.Нянька.1901,Станюкович,Станюкович,True,Станюкович,True,Станюкович,True,Станюкович,True
Станюкович.Пассажирка.1893,Станюкович,Станюкович,True,Станюкович,True,Станюкович,True,Станюкович,True
Станюкович.Похождения_одного_благонамеренного.1879,Станюкович,Тургенев,False,Станюкович,True,Станюкович,True,Станюкович,True
Станюкович.Похождения_одного_матроса.1913,Станюкович,Станюкович,True,Станюкович,True,Станюкович,True,Станюкович,True
Станюкович.Равнодушные.1906,Станюкович,Станюкович,True,Станюкович,True,Станюкович,True,Станюкович,True
Старостин.Наше_счастие.1901,Старостин,Старостин,True,Старостин,True,Старостин,True,Старостин,True
Старостин.Последняя.1901,Старостин,Старостин,True,Старостин,True,Старостин,True,Старостин,True
Старостин.Похождения_семинариста_Хлопова.1901,Старостин,Пастернак,False,Решетников,False,Старостин,True,Лесков,False
Стругацкие.Извне.1960,Стругацкие,Глуховский,False,Стругацкие,True,Стругацкие,True,Стругацкие,True
Стругацкие.Обитаемый_остров.1969,Стругацкие,Стругацкие,True,Стругацкие,True,Стругацкие,True,Стругацкие,True
Стругацкие.Пикник_на_обочине.1972,Стругацкие,Трифонов,False,Стругацкие,True,Стругацкие,True,Стругацкие,True
Стругацкие.Понедельник_начинается_в_субботу.1965,Стругацкие,Стругацкие,True,Стругацкие,True,Стругацкие,True,Стругацкие,True
Стругацкие.Попытка_к_бегству.1962,Стругацкие,Трифонов,False,Стругацкие,True,Стругацкие,True,Алексиевич,False
Стругацкие.Стажеры.1962,Стругацкие,Стругацкие,True,Стругацкие,True,Стругацкие,True,Стругацкие,True
Стругацкие.Страна_багровых_туч.1959,Стругацкие,Глуховский,False,Стругацкие,True,Стругацкие,True,Стругацкие,True
Стругацкие.Трудно_быть_богом.1964,Стругацкие,Стругацкие,True,Стругацкие,True,Стругацкие,True,Стругацкие,True
Стругацкие.Улитка_на_склоне.1988,Стругацкие,Стругацкие,True,Стругацкие,True,Стругацкие,True,Стругацкие,True
Стругацкие.Хищные_вещи_века.1965,Стругацкие,Стругацкие,True,Стругацкие,True,Стругацкие,True,Стругацкие,True
ТолстойА.Аэлита.1923,ТолстойА,ТолстойА,True,Иванов,False,ТолстойА,True,ТолстойА,True
ТолстойА.Голубые_города.1925,ТолстойА,ТолстойА,True,ТолстойА,True,Леонтьев,False,ТолстойА,True
ТолстойА.Касатка.1916,ТолстойА,Боборыкин,False,Лесков,False,Леонтьев,False,ТолстойА,True
ТолстойА.Пётр_Первый.1930,ТолстойА,ТолстойА,True,ТолстойА,True,ТолстойА,True,ТолстойА,True
"ТолстойА.Семь_дней,_в_которые_был_ограблен_мир.1926",ТолстойА,ТолстойА,True,ТолстойА,True,ТолстойА,True,ТолстойА,True
ТолстойА.Союз_пяти.1925,ТолстойА,ТолстойА,True,ТолстойА,True,ТолстойА,True,ТолстойА,True
ТолстойА.Хождение_по_мукам.1920,ТолстойА,Пастернак,False,ТолстойА,True,Шолохов,False,Иванов,False
ТолстойА.Эмигранты.1940,ТолстойА,ТолстойА,True,ТолстойА,True,ТолстойА,True,ТолстойА,True
ТолстойЛ.Анна_Каренина.1878,ТолстойЛ,Соловьев,False,ТолстойЛ,True,ТолстойЛ,True,Глуховский,False
ТолстойЛ.Война_и_мир.1868,ТолстойЛ,ТолстойЛ,True,Салтыков-Щедрин,False,ТолстойЛ,True,ТолстойЛ,True
ТолстойЛ.Воскресение.1899,ТолстойЛ,ТолстойЛ,True,ТолстойЛ,True,ТолстойЛ,True,ТолстойЛ,True
ТолстойЛ.Два_Гусара.1864,ТолстойЛ,Салиас-де-Турнемир,False,ТолстойЛ,True,ТолстойЛ,True,ТолстойЛ,True
ТолстойЛ.Детство.1856,ТолстойЛ,ТолстойЛ,True,ТолстойЛ,True,ТолстойЛ,True,ТолстойЛ,True
ТолстойЛ.Казаки.1864,ТолстойЛ,ТолстойЛ,True,ТолстойЛ,True,ТолстойЛ,True,ТолстойЛ,True
ТолстойЛ.Князь_Серебряный.1863,ТолстойЛ,Бестужев,False,Загоскин,False,Загоскин,False,Загоскин,False
ТолстойЛ.Крейцерова_соната.1890,ТолстойЛ,Достоевский,False,ТолстойЛ,True,ТолстойЛ,True,ТолстойЛ,True
ТолстойЛ.Отрочество.1856,ТолстойЛ,ТолстойЛ,True,ТолстойЛ,True,ТолстойЛ,True,ТолстойЛ,True
ТолстойЛ.Поликушка.1864,ТолстойЛ,ТолстойЛ,True,ТолстойЛ,True,Леонтьев,False,ТолстойЛ,True
ТолстойЛ.Севастополь_в_августе_1855_года.1856,ТолстойЛ,ТолстойЛ,True,ТолстойЛ,True,ТолстойЛ,True,ТолстойЛ,True
ТолстойЛ.Семейное_счастье.1873,ТолстойЛ,ТолстойЛ,True,ТолстойЛ,True,ТолстойЛ,True,ТолстойЛ,True
ТолстойЛ.Смерть_Ивана_Ильича.1886,ТолстойЛ,Ясинский,False,ТолстойЛ,True,ТолстойЛ,True,ТолстойЛ,True
ТолстойЛ.Упырь.1841,ТолстойЛ,Набоков,False,Нарежный,False,Достоевский,False,Достоевский,False
ТолстойЛ.Юность.1864,ТолстойЛ,ТолстойЛ,True,ТолстойЛ,True,ТолстойЛ,True,ТолстойЛ,True
Трифонов.Время_и_место.1988,Трифонов,Трифонов,True,Трифонов,True,Трифонов,True,Трифонов,True
Трифонов.Долгое_прощание.1973,Трифонов,Трифонов,True,Трифонов,True,Трифонов,True,Шишкин,False
Трифонов.Дом_на_набережной.1976,Трифонов,Трифонов,True,Трифонов,True,Трифонов,True,Трифонов,True
Трифонов.Другая_жизнь.1976,Трифонов,Трифонов,True,Трифонов,True,Трифонов,True,Трифонов,True
Трифонов.Исчезновение.1987,Трифонов,Трифонов,True,Трифонов,True,Трифонов,True,Трифонов,True
Трифонов.Нетерпение.1973,Трифонов,Солженицын,False,Трифонов,True,Солженицын,False,Трифонов,True
Трифонов.Отблеск_костра.1966,Трифонов,Иванов,False,Солженицын,False,Солженицын,False,Трифонов,True
Трифонов.Старик.1978,Трифонов,Трифонов,True,Трифонов,True,Трифонов,True,Трифонов,True
Трифонов.Студенты.1950,Трифонов,Трифонов,True,Трифонов,True,Трифонов,True,Трифонов,True
Трифонов.Утоление_жажды.1963,Трифонов,Трифонов,True,Трифонов,True,Трифонов,True,Иванов,False
Тургенев.Вешние_воды.1873,Тургенев,Соловьев,False,Тургенев,True,Тургенев,True,Глуховский,False
Тургенев.Два_приятеля.1860,Тургенев,Тургенев,True,Тургенев,True,Тургенев,True,Тургенев,True
Тургенев.Дворянское_гнездо.1859,Тургенев,Соловьев,False,Тургенев,True,Тургенев,True,Тургенев,True
Тургенев.Дневник_лишнего_человека.1850,Тургенев,Тургенев,True,Тургенев,True,Тургенев,True,Тургенев,True
Тургенев.Дым.1867,Тургенев,Тургенев,True,Тургенев,True,Тургенев,True,Тургенев,True
Тургенев.Затишье.1856,Тургенев,Тургенев,True,Тургенев,True,Тургенев,True,Тургенев,True
Тургенев.Клара_Милич_(После_смерти).1883,Тургенев,Соловьев,False,Тургенев,True,Тургенев,True,Тургенев,True
Тургенев.Накануне.1860,Тургенев,Тургенев,True,Тургенев,True,Тургенев,True,Тургенев,True
Тургенев.Несчастная.1869,Тургенев,Маркевич,False,Тургенев,True,Тургенев,True,Тургенев,True
Тургенев.Новь.1877,Тургенев,Тургенев,True,Тургенев,True,Тургенев,True,Тургенев,True
Тургенев.Отцы_и_дети.1862,Тургенев,Тургенев,True,Тургенев,True,Тургенев,True,Тургенев,True
Тургенев.Первая_любовь.1860,Тургенев,Станюкович,False,Тургенев,True,Тургенев,True,Тургенев,True
Тургенев.Постоялый_двор.1856,Тургенев,Боборыкин,False,Григорович,False,Леонтьев,False,Тургенев,True
Тургенев.Рудин.1856,Тургенев,Гейнце,False,Тургенев,True,Тургенев,True,Салтыков-Щедрин,False
Тургенев.Степной_король_Лир.1873,Тургенев,Маркевич,False,Тургенев,True,Тургенев,True,Тургенев,True
"Улицкая.Даниэль_Штайн,_переводчик.2006",Улицкая,Пелевин,False,Улицкая,True,Улицкая,True,Улицкая,True
Улицкая.Зелёный_шатёр.2010,Улицкая,Солженицын,False,Улицкая,True,Улицкая,True,Улицкая,True
Улицкая.Искренне_ваш_Шурик.2003,Улицкая,Улицкая,True,Улицкая,True,Улицкая,True,Улицкая,True
Улицкая.Казус_Кукоцкого.2000,Улицкая,Улицкая,True,Улицкая,True,Улицкая,True,Улицкая,True
Улицкая.Лестница_Якова.2015,Улицкая,Улицкая,True,Улицкая,True,Улицкая,True,Улицкая,True
Улицкая.Медея_и_её_дети.1996,Улицкая,Улицкая,True,Улицкая,True,Улицкая,True,Улицкая,True
Хвощинска.Братец.1858,Хвощинска,Хвощинска,True,Хвощинска,True,Достоевский,False,Хвощинска,True
Хвощинска.Пансионерка.1861,Хвощинска,Шеллер-Михайлов,False,Хвощинска,True,Хвощинска,True,Хвощинска,True
Хвощинска.Первая_борьба.1879,Хвощинска,Боборыкин,False,Хвощинска,True,Достоевский,False,Хвощинска,True
Чехов.В_овраге.1900,Чехов,Мордовцев,False,Лесков,False,Леонтьев,False,Чехов,True
Чехов.Дуэль.1892,Чехов,Чехов,True,Чехов,True,Чехов,True,Чехов,True
Чехов.Моя_жизнь.1897,Чехов,Чехов,True,Чехов,True,Чехов,True,Чехов,True
Чехов.Палата_No_6.1894,Чехов,Чехов,True,Чехов,True,Чехов,True,Чехов,True
Чехов.Рассказ_неизвестного_человека.1901,Чехов,Чехов,True,Чехов,True,Чехов,True,Чехов,True
Чехов.Степь.1888,Чехов,Мордовцев,False,Чехов,True,Лесков,False,Чехов,True
Чехов.Три_года.1895,Чехов,Чехов,True,Чехов,True,Чехов,True,Гончаров,False
Шеллер-Михайлов.Господа_Обносковы.1870,Шеллер-Михайлов,Шеллер-Михайлов,True,Шеллер-Михайлов,True,Шеллер-Михайлов,True,Шеллер-Михайлов,True
Шеллер-Михайлов.Дворец_и_монастырь.1890,Шеллер-Михайлов,Салиас-де-Турнемир,False,Карнович,False,Полевой,False,Шеллер-Михайлов,True
Шеллер-Михайлов.Лес_рубят_-_щепки_летят.1871,Шеллер-Михайлов,Шеллер-Михайлов,True,Шеллер-Михайлов,True,Шеллер-Михайлов,True,Шеллер-Михайлов,True
Шеллер-Михайлов.Над_обрывом.1884,Шеллер-Михайлов,Соловьев,False,Шеллер-Михайлов,True,Шеллер-Михайлов,True,Шеллер-Михайлов,True
Шишкин.Вальзер_и_Томцак.2013,Шишкин,Набоков,False,Солженицын,False,Улицкая,False,Пришвин,False
Шишкин.Венерин_волос.2005,Шишкин,Шишкин,True,Пришвин,False,Шишкин,True,Пришвин,False
Шишкин.Взятие_Измаила.2000,Шишкин,Шишкин,True,Шишкин,True,Шишкин,True,Шишкин,True
Шишкин.Урок_каллиграфии.2009,Шишкин,Акунин,False,Шишкин,True,Леонтьев,False,Шишкин,True
Шишкин.Урок_швейцарского.1998,Шишкин,Аксенов,False,Аксенов,False,Леонтьев,False,Шишкин,True
Шкляревский.Рассказ_судебного_следователя.1879,Шкляревский,Шкляревский,True,Шкляревский,True,Шкляревский,True,Шкляревский,True
Шкляревский.Секретное_следствие.1881,Шкляревский,Шкляревский,True,Шкляревский,True,Шкляревский,True,Шкляревский,True
Шкляревский.Что_побудило_к_убийству.1879,Шкляревский,Шкляревский,True,Шкляревский,True,Шкляревский,True,Шкляревский,True
Шолохов.Алешкино_сердце.1925,Шолохов,Шолохов,True,Шолохов,True,Шолохов,True,Шолохов,True
Шолохов.Батраки.1926,Шолохов,Шолохов,True,Шолохов,True,Шолохов,True,Шолохов,True
Шолохов.Бахчевник.1925,Шолохов,Шолохов,True,Шолохов,True,Шолохов,True,Шолохов,True
Шолохов.Двухмужняя.1925,Шолохов,Яхина,False,Шолохов,True,Леонтьев,False,Шолохов,True
Шолохов.Коловерть.1924,Шолохов,Шолохов,True,Шолохов,True,Шолохов,True,Шолохов,True
Шолохов.Наука_ненависти.1942,Шолохов,Стругацкие,False,Шолохов,True,Алексиевич,False,Шолохов,True
Шолохов.Нахаленок.1925,Шолохов,Шолохов,True,Шолохов,True,Короленко,False,Шолохов,True
Шолохов.Обида.1926,Шолохов,ТолстойА,False,Шолохов,True,Леонтьев,False,Шолохов,True
Шолохов.Они_сражались_за_Родину.1942,Шолохов,Шолохов,True,Шолохов,True,Шолохов,True,Шолохов,True
Шолохов.Пастух.1925,Шолохов,Шолохов,True,Шолохов,True,Леонтьев,False,Шолохов,True
Шолохов.Поднятая_целина.1930,Шолохов,Шолохов,True,Шолохов,True,Шолохов,True,Шолохов,True
Шолохов.Путь_дороженька.1925,Шолохов,Шолохов,True,Шолохов,True,Шолохов,True,Шолохов,True
Шолохов.Судьба_человека.1956,Шолохов,Стругацкие,False,Шолохов,True,Лесков,False,Шолохов,True
Шолохов.Тихий_Дон.1925,Шолохов,ТолстойА,False,Шолохов,True,Шолохов,True,Шолохов,True
Шолохов.Чужая_кровь.1926,Шолохов,Шолохов,True,Шолохов,True,Шолохов,True,Шолохов,True
Эртель.Волхонская_барышня.1883,Эртель,Данилевский,False,Эртель,True,Эртель,True,Эртель,True
"Эртель.Гарденины,_их_дворня,_приверженцы_и_враги.1890",Эртель,Эртель,True,Эртель,True,Лесков,False,Эртель,True
Эртель.Две_пары.1894,Эртель,Салтыков-Щедрин,False,Эртель,True,Эртель,True,Эртель,True
Эртель.Карьера_Струкова.1895,Эртель,Эртель,True,Эртель,True,Эртель,True,Эртель,True
Ясинский.Бунт_Ивана_Иваныча.1886,Ясинский,Чехов,False,Ясинский,True,Достоевский,False,Ясинский,True
Ясинский.Верочка.1887,Ясинский,Грин,False,Ясинский,True,Достоевский,False,Ясинский,True
Ясинский.Учитель.1888,Ясинский,ТолстойЛ,False,Ясинский,True,Достоевский,False,Ясинский,True
Яхина.Дети_мои.2018,Яхина,Астафьев,False,Яхина,True,Яхина,True,Яхина,True
Яхина.Зулейха_открывает_глаза.2015,Яхина,Астафьев,False,Яхина,True,Яхина,True,Яхина,True
Яхина.Эшелон_до_Самарканд.2021,Яхина,Солженицын,False,Яхина,True,Яхина,True,Яхина,True
